[
  {
    "id": "9381917a-2341-4448-9934-b261bb6abfe6",
    "data": [
      {
        "text": "5",
        "meta": "@ciudad",
        "alias": "ciudad",
        "userDefined": false
      }
    ],
    "isTemplate": false,
    "count": 0,
    "lang": "es",
    "updated": 0
  },
  {
    "id": "fecfde61-d765-46b9-8c33-c334037761e4",
    "data": [
      {
        "text": "4",
        "meta": "@ciudad",
        "alias": "ciudad",
        "userDefined": false
      }
    ],
    "isTemplate": false,
    "count": 0,
    "lang": "es",
    "updated": 0
  },
  {
    "id": "981c8041-272c-4ce9-917b-512946574734",
    "data": [
      {
        "text": "3",
        "meta": "@ciudad",
        "alias": "ciudad",
        "userDefined": false
      }
    ],
    "isTemplate": false,
    "count": 0,
    "lang": "es",
    "updated": 0
  },
  {
    "id": "de25a27c-45fa-4838-af45-0358ecf14ceb",
    "data": [
      {
        "text": "2",
        "meta": "@ciudad",
        "alias": "ciudad",
        "userDefined": false
      }
    ],
    "isTemplate": false,
    "count": 0,
    "lang": "es",
    "updated": 0
  },
  {
    "id": "5456496b-c498-480c-bd60-5a441efa159c",
    "data": [
      {
        "text": "1",
        "meta": "@ciudad",
        "alias": "ciudad",
        "userDefined": true
      }
    ],
    "isTemplate": false,
    "count": 0,
    "lang": "es",
    "updated": 0
  }
]