[
  {
    "id": "1766675b-1e1b-454a-bdfe-91e6d9c4ff24",
    "data": [
      {
        "text": "1",
        "userDefined": false
      }
    ],
    "isTemplate": false,
    "count": 0,
    "lang": "es",
    "updated": 0
  },
  {
    "id": "990fda1f-308c-47d3-b75f-42cd95b6487f",
    "data": [
      {
        "text": "estoy buscando ",
        "userDefined": false
      },
      {
        "text": "un",
        "userDefined": false
      },
      {
        "text": " producto",
        "userDefined": false
      }
    ],
    "isTemplate": false,
    "count": 0,
    "lang": "es",
    "updated": 0
  },
  {
    "id": "8e4b7571-eace-4548-84ba-490dd5d44899",
    "data": [
      {
        "text": "quiero ",
        "userDefined": false
      },
      {
        "text": "un",
        "userDefined": false
      },
      {
        "text": " producto",
        "userDefined": false
      }
    ],
    "isTemplate": false,
    "count": 0,
    "lang": "es",
    "updated": 0
  },
  {
    "id": "d9f6deac-dd22-45d7-bc6b-a1130fc5243e",
    "data": [
      {
        "text": "Quiero comprar ",
        "userDefined": false
      },
      {
        "text": "un",
        "userDefined": false
      },
      {
        "text": " producto",
        "userDefined": false
      }
    ],
    "isTemplate": false,
    "count": 0,
    "lang": "es",
    "updated": 0
  }
]