[
  {
    "id": "2fcb7bc1-4a69-450d-8fb5-81f162cdb576",
    "data": [
      {
        "text": "2",
        "userDefined": false
      }
    ],
    "isTemplate": false,
    "count": 0,
    "lang": "es",
    "updated": 0
  },
  {
    "id": "c560e1be-3e69-4674-ab57-61d4f468ddbd",
    "data": [
      {
        "text": "Información",
        "userDefined": false
      }
    ],
    "isTemplate": false,
    "count": 0,
    "lang": "es",
    "updated": 0
  },
  {
    "id": "48fb426c-f6e4-4f51-8068-bf7de719c7e5",
    "data": [
      {
        "text": "Información del producto",
        "userDefined": false
      }
    ],
    "isTemplate": false,
    "count": 0,
    "lang": "es",
    "updated": 0
  }
]