[
  {
    "id": "84237dc5-0a7c-44d0-937a-48ff18e412f2",
    "data": [
      {
        "text": "sucursales",
        "userDefined": false
      }
    ],
    "isTemplate": false,
    "count": 0,
    "lang": "es",
    "updated": 0
  },
  {
    "id": "ec2f1fcb-fddb-41d7-9e95-421820b0617c",
    "data": [
      {
        "text": "horarios",
        "userDefined": false
      }
    ],
    "isTemplate": false,
    "count": 0,
    "lang": "es",
    "updated": 0
  },
  {
    "id": "cdaaff6e-1ee0-4e15-8fb5-2c1f81f34c7f",
    "data": [
      {
        "text": "horarios y sucursalies",
        "userDefined": false
      }
    ],
    "isTemplate": false,
    "count": 0,
    "lang": "es",
    "updated": 0
  },
  {
    "id": "2c807c8a-15ef-46af-a33d-b61dbfed2cf2",
    "data": [
      {
        "text": "1",
        "userDefined": false
      }
    ],
    "isTemplate": false,
    "count": 0,
    "lang": "es",
    "updated": 0
  }
]