[
  {
    "id": "cd86dc1a-32b8-42d6-a853-6cc36b2e5fc5",
    "data": [
      {
        "text": "medios de pago",
        "userDefined": false
      }
    ],
    "isTemplate": false,
    "count": 0,
    "lang": "es",
    "updated": 0
  },
  {
    "id": "bff111dd-ef88-49a7-843b-a8ef6fb4e11b",
    "data": [
      {
        "text": "pago",
        "userDefined": false
      }
    ],
    "isTemplate": false,
    "count": 0,
    "lang": "es",
    "updated": 0
  },
  {
    "id": "61494477-1caa-403c-b003-0984577beb68",
    "data": [
      {
        "text": "2",
        "userDefined": false
      }
    ],
    "isTemplate": false,
    "count": 0,
    "lang": "es",
    "updated": 0
  }
]