[
  {
    "id": "6c730c63-3413-47c3-8f85-b771ed571627",
    "data": [
      {
        "text": "asesor",
        "userDefined": false
      }
    ],
    "isTemplate": false,
    "count": 0,
    "lang": "es",
    "updated": 0
  },
  {
    "id": "529a3332-1bda-41bd-b6c7-d29e6fa36913",
    "data": [
      {
        "text": "hablar con ",
        "userDefined": false
      },
      {
        "text": "un",
        "userDefined": false
      },
      {
        "text": " asesor",
        "userDefined": false
      }
    ],
    "isTemplate": false,
    "count": 0,
    "lang": "es",
    "updated": 0
  },
  {
    "id": "797b8539-5edc-4f0f-81b5-15c764262d65",
    "data": [
      {
        "text": "3",
        "userDefined": false
      }
    ],
    "isTemplate": false,
    "count": 0,
    "lang": "es",
    "updated": 0
  }
]