[
  {
    "id": "423a0d07-2237-4685-90ac-0cedbdd0eed1",
    "data": [
      {
        "text": "atención",
        "userDefined": false
      }
    ],
    "isTemplate": false,
    "count": 0,
    "lang": "es",
    "updated": 0
  },
  {
    "id": "b0806b10-bce6-4774-9e2e-8589d81be2ae",
    "data": [
      {
        "text": "cliente",
        "userDefined": false
      }
    ],
    "isTemplate": false,
    "count": 0,
    "lang": "es",
    "updated": 0
  },
  {
    "id": "8dbca54d-1181-4581-af90-40a477b67ccf",
    "data": [
      {
        "text": "atencion al cliente",
        "userDefined": false
      }
    ],
    "isTemplate": false,
    "count": 0,
    "lang": "es",
    "updated": 0
  },
  {
    "id": "ebc531b4-9d6c-4b94-84b7-586815220896",
    "data": [
      {
        "text": "3",
        "userDefined": false
      }
    ],
    "isTemplate": false,
    "count": 0,
    "lang": "es",
    "updated": 0
  }
]