[
  {
    "id": "818cc4ff-f0ab-4915-8a54-dfddf2d0264e",
    "data": [
      {
        "text": "moises",
        "meta": "@sys.person",
        "alias": "nombre",
        "userDefined": false
      }
    ],
    "isTemplate": false,
    "count": 0,
    "lang": "es",
    "updated": 0
  },
  {
    "id": "58911de6-ca8a-4d3b-a762-42b368c58d77",
    "data": [
      {
        "text": "Catalina",
        "meta": "@sys.person",
        "alias": "nombre",
        "userDefined": false
      }
    ],
    "isTemplate": false,
    "count": 0,
    "lang": "es",
    "updated": 0
  },
  {
    "id": "fbdf881d-8079-4638-aa46-f206ccc976e0",
    "data": [
      {
        "text": "Carmen",
        "meta": "@sys.person",
        "alias": "nombre",
        "userDefined": false
      }
    ],
    "isTemplate": false,
    "count": 0,
    "lang": "es",
    "updated": 0
  },
  {
    "id": "57396e89-9257-4861-8fef-a993cdfa34f3",
    "data": [
      {
        "text": "Andres",
        "meta": "@sys.person",
        "alias": "nombre",
        "userDefined": false
      }
    ],
    "isTemplate": false,
    "count": 0,
    "lang": "es",
    "updated": 0
  },
  {
    "id": "e21be132-0774-448c-ac53-ecd5f1b45902",
    "data": [
      {
        "text": "Pedro",
        "meta": "@sys.person",
        "alias": "nombre",
        "userDefined": false
      }
    ],
    "isTemplate": false,
    "count": 0,
    "lang": "es",
    "updated": 0
  },
  {
    "id": "6d8f6410-0565-4837-83b5-8635798f1e85",
    "data": [
      {
        "text": "Sofia",
        "meta": "@sys.person",
        "alias": "nombre",
        "userDefined": false
      }
    ],
    "isTemplate": false,
    "count": 0,
    "lang": "es",
    "updated": 0
  },
  {
    "id": "890bc014-949d-4e25-a9e7-cab8d77c5d08",
    "data": [
      {
        "text": "Maria",
        "meta": "@sys.person",
        "alias": "nombre",
        "userDefined": false
      }
    ],
    "isTemplate": false,
    "count": 0,
    "lang": "es",
    "updated": 0
  },
  {
    "id": "796e6801-f419-4d39-8cc3-0c4017d4699d",
    "data": [
      {
        "text": "Luis",
        "meta": "@sys.person",
        "alias": "nombre",
        "userDefined": false
      }
    ],
    "isTemplate": false,
    "count": 0,
    "lang": "es",
    "updated": 0
  }
]